Date,Temperature,Rainfall,Humidity,Month
2012-01-01 00:00:00,-1.8,4,86,January
2012-01-01 01:00:00,-1.8,4,87,January
2012-01-01 02:00:00,-1.8,7,89,January
2012-01-01 03:00:00,-1.5,6,88,January
2012-01-01 04:00:00,-1.5,7,88,January
2012-01-01 05:00:00,-1.4,9,87,January
2012-01-01 06:00:00,-1.5,7,89,January
2012-01-01 07:00:00,-1.4,7,85,January
2012-01-01 08:00:00,-1.4,9,85,January
2012-01-01 09:00:00,-1.3,15,88,January
2012-01-01 10:00:00,-1.0,9,91,January
2012-01-01 11:00:00,-0.5,7,89,January
2012-01-01 12:00:00,-0.2,9,88,January
2012-01-01 13:00:00,0.2,13,87,January
2012-01-01 14:00:00,0.8,20,87,January
2012-01-01 15:00:00,1.8,22,85,January
2012-01-01 16:00:00,2.6,13,82,January
2012-01-01 17:00:00,3.0,13,81,January
2012-01-01 18:00:00,3.8,15,82,January
2012-01-01 19:00:00,3.1,15,88,January
2012-01-01 20:00:00,3.2,19,87,January
2012-01-01 21:00:00,4.0,20,85,January
2012-01-01 22:00:00,4.4,24,84,January
2012-01-01 23:00:00,5.3,30,79,January
2012-01-02 00:00:00,5.2,35,77,January
2012-01-02 01:00:00,4.6,39,72,January
2012-01-02 02:00:00,3.9,32,71,January
2012-01-02 03:00:00,3.7,33,69,January
2012-01-02 04:00:00,2.9,32,69,January
2012-01-02 05:00:00,2.6,32,70,January
2012-01-02 06:00:00,2.3,26,70,January
2012-01-02 07:00:00,2.0,33,70,January
2012-01-02 08:00:00,1.9,39,68,January
2012-01-02 09:00:00,1.8,44,67,January
2012-01-02 10:00:00,1.5,43,66,January
2012-01-02 11:00:00,2.2,30,66,January
2012-01-02 12:00:00,1.7,48,56,January
2012-01-02 13:00:00,1.1,37,57,January
2012-01-02 14:00:00,1.1,33,56,January
2012-01-02 15:00:00,0.0,33,59,January
2012-01-02 16:00:00,-0.7,24,55,January
2012-01-02 17:00:00,-2.1,22,57,January
2012-01-02 18:00:00,-4.1,28,57,January
2012-01-02 19:00:00,-4.8,24,57,January
2012-01-02 20:00:00,-5.6,24,54,January
2012-01-02 21:00:00,-5.8,26,58,January
2012-01-02 22:00:00,-7.0,20,54,January
2012-01-02 23:00:00,-7.4,17,59,January
2012-01-03 00:00:00,-9.0,28,57,January
2012-01-03 01:00:00,-9.7,20,54,January
2012-01-03 02:00:00,-10.5,22,65,January
2012-01-03 03:00:00,-11.3,33,54,January
2012-01-03 04:00:00,-12.6,24,53,January
2012-01-03 05:00:00,-12.9,22,60,January
2012-01-03 06:00:00,-13.3,19,61,January
2012-01-03 07:00:00,-14.0,19,63,January
2012-01-03 08:00:00,-14.8,26,58,January
2012-01-03 09:00:00,-15.0,19,56,January
2012-01-03 10:00:00,-15.3,24,56,January
2012-01-03 11:00:00,-14.9,22,54,January
2012-01-03 12:00:00,-14.9,20,52,January
2012-01-03 13:00:00,-15.1,22,54,January
2012-01-03 14:00:00,-14.9,22,50,January
2012-01-03 15:00:00,-14.8,19,53,January
2012-01-03 16:00:00,-15.3,22,52,January
2012-01-03 17:00:00,-15.8,22,53,January
2012-01-03 18:00:00,-16.3,24,52,January
2012-01-03 19:00:00,-16.9,24,50,January
2012-01-03 20:00:00,-17.3,24,49,January
2012-01-03 21:00:00,-17.0,15,52,January
2012-01-03 22:00:00,-17.1,20,52,January
2012-01-03 23:00:00,-17.3,17,55,January
2012-01-04 00:00:00,-17.5,13,56,January
2012-01-04 01:00:00,-17.9,11,58,January
2012-01-04 02:00:00,-18.1,15,61,January
2012-01-04 03:00:00,-18.5,13,59,January
2012-01-04 04:00:00,-18.5,13,59,January
2012-01-04 05:00:00,-18.6,9,62,January
2012-01-04 06:00:00,-18.5,11,61,January
2012-01-04 07:00:00,-18.2,11,60,January
2012-01-04 08:00:00,-17.8,17,57,January
2012-01-04 09:00:00,-16.8,9,61,January
2012-01-04 10:00:00,-15.2,7,63,January
2012-01-04 11:00:00,-14.2,13,56,January
2012-01-04 12:00:00,-13.7,11,51,January
2012-01-04 13:00:00,-12.4,11,53,January
2012-01-04 14:00:00,-11.3,7,53,January
2012-01-04 15:00:00,-10.2,11,61,January
2012-01-04 16:00:00,-9.4,13,61,January
2012-01-04 17:00:00,-8.9,9,71,January
2012-01-04 18:00:00,-8.9,11,75,January
2012-01-04 19:00:00,-8.4,9,71,January
2012-01-04 20:00:00,-7.8,9,71,January
2012-01-04 21:00:00,-7.6,7,73,January
2012-01-04 22:00:00,-9.5,6,77,January
2012-01-04 23:00:00,-9.6,6,79,January
2012-01-05 00:00:00,-8.8,4,79,January
2012-01-05 01:00:00,-7.5,0,81,January
2012-01-05 02:00:00,-5.4,9,80,January
2012-01-05 03:00:00,-5.0,11,81,January
2012-01-05 04:00:00,-4.1,9,83,January
2012-01-05 05:00:00,-7.0,4,82,January
2012-01-05 06:00:00,-8.2,6,82,January
2012-01-05 07:00:00,-7.1,9,82,January
2012-01-05 08:00:00,-6.1,11,79,January
2012-01-05 09:00:00,-6.6,9,76,January
2012-01-05 10:00:00,-6.0,17,73,January
2012-01-05 11:00:00,-5.6,22,70,January
2012-01-05 12:00:00,-4.7,20,69,January
2012-01-05 13:00:00,-4.4,26,66,January
2012-01-05 14:00:00,-5.1,22,65,January
2012-01-05 15:00:00,-4.3,26,55,January
2012-01-05 16:00:00,-5.0,19,55,January
2012-01-05 17:00:00,-6.7,11,56,January
2012-01-05 18:00:00,-7.1,11,56,January
2012-01-05 19:00:00,-9.2,7,61,January
2012-01-05 20:00:00,-9.8,9,62,January
2012-01-05 21:00:00,-9.0,13,63,January
2012-01-05 22:00:00,-9.9,7,63,January
2012-01-05 23:00:00,-9.4,9,61,January
2012-01-06 00:00:00,-9.6,13,56,January
2012-01-06 01:00:00,-10.0,17,55,January
2012-01-06 02:00:00,-10.5,9,61,January
2012-01-06 03:00:00,-10.6,0,64,January
2012-01-06 04:00:00,-11.3,15,68,January
2012-01-06 05:00:00,-11.8,19,71,January
2012-01-06 06:00:00,-12.0,22,71,January
2012-01-06 07:00:00,-14.4,22,85,January
2012-01-06 08:00:00,-12.3,24,73,January
2012-01-06 09:00:00,-12.5,26,71,January
2012-01-06 10:00:00,-12.3,28,72,January
2012-01-06 11:00:00,-12.0,17,72,January
2012-01-06 12:00:00,-11.7,28,74,January
2012-01-06 13:00:00,-11.9,20,74,January
2012-01-06 14:00:00,-11.2,19,75,January
2012-01-06 15:00:00,-11.5,19,79,January
2012-01-06 16:00:00,-11.6,19,78,January
2012-01-06 17:00:00,-11.2,17,78,January
2012-01-06 18:00:00,-10.5,17,78,January
2012-01-06 19:00:00,-10.5,15,79,January
2012-01-06 20:00:00,-10.2,11,80,January
2012-01-06 21:00:00,-9.5,9,79,January
2012-01-06 22:00:00,-9.3,11,79,January
2012-01-06 23:00:00,-9.0,7,79,January
2012-01-07 00:00:00,-8.7,6,79,January
2012-01-07 01:00:00,-8.5,0,80,January
2012-01-07 02:00:00,-8.1,4,79,January
2012-01-07 03:00:00,-7.8,4,79,January
2012-01-07 04:00:00,-7.5,6,79,January
2012-01-07 05:00:00,-6.9,4,80,January
2012-01-07 06:00:00,-6.7,7,80,January
2012-01-07 07:00:00,-7.0,7,81,January
2012-01-07 08:00:00,-6.4,9,82,January
2012-01-07 09:00:00,-6.1,7,82,January
2012-01-07 10:00:00,-5.7,7,84,January
2012-01-07 11:00:00,-5.4,9,84,January
2012-01-07 12:00:00,-5.5,13,84,January
2012-01-07 13:00:00,-4.8,15,83,January
2012-01-07 14:00:00,-4.4,6,83,January
2012-01-07 15:00:00,-3.7,11,83,January
2012-01-07 16:00:00,-3.6,0,84,January
2012-01-07 17:00:00,-3.1,13,84,January
2012-01-07 18:00:00,-3.2,6,85,January
2012-01-07 19:00:00,-3.0,6,86,January
2012-01-07 20:00:00,-1.8,4,87,January
2012-01-07 21:00:00,-1.3,0,88,January
2012-01-07 22:00:00,-1.5,4,89,January
2012-01-07 23:00:00,0.4,22,87,January
2012-01-08 00:00:00,0.6,32,76,January
2012-01-08 01:00:00,-0.6,32,74,January
2012-01-08 02:00:00,-1.7,30,71,January
2012-01-08 03:00:00,-3.5,32,69,January
2012-01-08 04:00:00,-4.4,22,69,January
2012-01-08 05:00:00,-5.9,13,70,January
2012-01-08 06:00:00,-5.8,13,68,January
2012-01-08 07:00:00,-5.6,11,69,January
2012-01-08 08:00:00,-5.9,11,69,January
2012-01-08 09:00:00,-6.4,17,65,January
2012-01-08 10:00:00,-6.5,17,67,January
2012-01-08 11:00:00,-7.1,22,65,January
2012-01-08 12:00:00,-6.7,15,66,January
2012-01-08 13:00:00,-6.5,15,63,January
2012-01-08 14:00:00,-6.5,19,65,January
2012-01-08 15:00:00,-6.6,20,61,January
2012-01-08 16:00:00,-6.6,20,59,January
2012-01-08 17:00:00,-7.2,17,59,January
2012-01-08 18:00:00,-8.1,17,62,January
2012-01-08 19:00:00,-8.0,15,62,January
2012-01-08 20:00:00,-8.3,15,65,January
2012-01-08 21:00:00,-8.3,11,64,January
2012-01-08 22:00:00,-8.7,7,65,January
2012-01-08 23:00:00,-9.0,7,68,January
2012-01-09 00:00:00,-9.2,6,66,January
2012-01-09 01:00:00,-9.8,0,68,January
2012-01-09 02:00:00,-9.0,4,66,January
2012-01-09 03:00:00,-8.8,0,70,January
2012-01-09 04:00:00,-8.5,9,69,January
2012-01-09 05:00:00,-8.4,11,71,January
2012-01-09 06:00:00,-7.7,11,72,January
2012-01-09 07:00:00,-6.8,15,72,January
2012-01-09 08:00:00,-5.9,13,70,January
2012-01-09 09:00:00,-5.4,11,75,January
2012-01-09 10:00:00,-4.8,9,76,January
2012-01-09 11:00:00,-3.7,7,77,January
2012-01-09 12:00:00,-2.5,9,73,January
2012-01-09 13:00:00,-1.7,7,74,January
2012-01-09 14:00:00,-1.4,7,76,January
2012-01-09 15:00:00,-1.0,9,74,January
2012-01-09 16:00:00,-1.3,11,72,January
2012-01-09 17:00:00,-1.4,15,72,January
2012-01-09 18:00:00,-1.0,20,71,January
2012-01-09 19:00:00,-1.1,19,70,January
2012-01-09 20:00:00,-1.5,15,70,January
2012-01-09 21:00:00,-1.7,11,71,January
2012-01-09 22:00:00,-0.3,19,64,January
2012-01-09 23:00:00,-0.2,17,64,January
2012-01-10 00:00:00,2.5,30,57,January
2012-01-10 01:00:00,2.3,35,66,January
2012-01-10 02:00:00,1.4,19,75,January
2012-01-10 03:00:00,1.6,28,77,January
2012-01-10 04:00:00,1.2,26,81,January
2012-01-10 05:00:00,0.8,30,86,January
2012-01-10 06:00:00,0.7,30,87,January
2012-01-10 07:00:00,1.5,20,85,January
2012-01-10 08:00:00,1.2,24,85,January
2012-01-10 09:00:00,1.6,17,84,January
2012-01-10 10:00:00,2.0,24,81,January
2012-01-10 11:00:00,2.6,22,77,January
2012-01-10 12:00:00,1.4,30,72,January
2012-01-10 13:00:00,0.7,26,64,January
2012-01-10 14:00:00,-0.2,26,64,January
2012-01-10 15:00:00,-1.4,30,61,January
2012-01-10 16:00:00,-3.1,30,55,January
2012-01-10 17:00:00,-4.0,17,54,January
2012-01-10 18:00:00,-4.9,15,54,January
2012-01-10 19:00:00,-5.7,15,53,January
2012-01-10 20:00:00,-6.4,13,53,January
2012-01-10 21:00:00,-6.6,9,57,January
2012-01-10 22:00:00,-7.3,13,55,January
2012-01-10 23:00:00,-8.6,19,57,January
2012-01-11 00:00:00,-9.5,17,55,January
2012-01-11 01:00:00,-10.7,17,56,January
2012-01-11 02:00:00,-12.0,19,56,January
2012-01-11 03:00:00,-12.7,19,57,January
2012-01-11 04:00:00,-13.4,17,57,January
2012-01-11 05:00:00,-13.9,19,55,January
2012-01-11 06:00:00,-14.4,20,57,January
2012-01-11 07:00:00,-14.4,13,57,January
2012-01-11 08:00:00,-14.7,15,57,January
2012-01-11 09:00:00,-14.3,15,58,January
2012-01-11 10:00:00,-13.9,11,55,January
2012-01-11 11:00:00,-13.4,15,54,January
2012-01-11 12:00:00,-12.7,17,53,January
2012-01-11 13:00:00,-12.2,19,52,January
2012-01-11 14:00:00,-11.4,20,52,January
2012-01-11 15:00:00,-11.6,20,50,January
2012-01-11 16:00:00,-11.8,20,47,January
2012-01-11 17:00:00,-11.9,26,51,January
2012-01-11 18:00:00,-12.0,24,52,January
2012-01-11 19:00:00,-11.8,30,54,January
2012-01-11 20:00:00,-11.2,24,57,January
2012-01-11 21:00:00,-11.2,19,65,January
2012-01-11 22:00:00,-10.8,22,65,January
2012-01-11 23:00:00,-10.7,20,67,January
2012-01-12 00:00:00,-10.0,19,66,January
2012-01-12 01:00:00,-9.8,24,65,January
2012-01-12 02:00:00,-9.4,26,64,January
2012-01-12 03:00:00,-9.0,33,63,January
2012-01-12 04:00:00,-8.5,22,64,January
2012-01-12 05:00:00,-8.0,30,64,January
2012-01-12 06:00:00,-7.6,28,65,January
2012-01-12 07:00:00,-7.3,28,65,January
2012-01-12 08:00:00,-7.1,33,72,January
2012-01-12 09:00:00,-6.8,33,75,January
2012-01-12 10:00:00,-6.2,35,77,January
2012-01-12 11:00:00,-6.0,32,76,January
2012-01-12 12:00:00,-5.8,32,79,January
2012-01-12 13:00:00,-5.8,33,81,January
2012-01-12 14:00:00,-5.7,28,81,January
2012-01-12 15:00:00,-5.2,26,83,January
2012-01-12 16:00:00,-4.9,33,83,January
2012-01-12 17:00:00,-5.1,33,83,January
2012-01-12 18:00:00,-5.4,35,81,January
2012-01-12 19:00:00,-5.0,30,82,January
2012-01-12 20:00:00,-5.0,28,81,January
2012-01-12 21:00:00,-4.7,24,80,January
2012-01-12 22:00:00,-4.1,26,81,January
2012-01-12 23:00:00,-4.6,28,83,January
2012-01-13 00:00:00,-5.1,28,83,January
2012-01-13 01:00:00,-5.0,24,81,January
2012-01-13 02:00:00,-4.8,22,81,January
2012-01-13 03:00:00,-4.5,19,83,January
2012-01-13 04:00:00,-5.0,24,83,January
2012-01-13 05:00:00,-5.1,20,82,January
2012-01-13 06:00:00,-5.4,22,83,January
2012-01-13 07:00:00,-5.1,22,82,January
2012-01-13 08:00:00,-5.1,26,83,January
2012-01-13 09:00:00,-5.0,32,84,January
2012-01-13 10:00:00,-4.8,26,83,January
2012-01-13 11:00:00,-4.8,28,83,January
2012-01-13 12:00:00,-4.8,24,81,January
2012-01-13 13:00:00,-4.9,20,83,January
2012-01-13 14:00:00,-4.8,6,85,January
2012-01-13 15:00:00,-4.3,13,85,January
2012-01-13 16:00:00,-3.7,11,84,January
2012-01-13 17:00:00,-2.9,15,87,January
2012-01-13 18:00:00,-1.7,26,89,January
2012-01-13 19:00:00,-2.5,33,86,January
2012-01-13 20:00:00,-3.2,32,87,January
2012-01-13 21:00:00,-4.8,37,79,January
2012-01-13 22:00:00,-5.5,32,70,January
2012-01-13 23:00:00,-7.6,35,75,January
2012-01-14 00:00:00,-8.9,39,72,January
2012-01-14 01:00:00,-9.7,24,69,January
2012-01-14 02:00:00,-11.2,28,70,January
2012-01-14 03:00:00,-12.0,24,71,January
2012-01-14 04:00:00,-13.4,20,63,January
2012-01-14 05:00:00,-14.3,24,63,January
2012-01-14 06:00:00,-15.2,24,63,January
2012-01-14 07:00:00,-16.8,26,63,January
2012-01-14 08:00:00,-17.9,20,62,January
2012-01-14 09:00:00,-18.0,19,61,January
2012-01-14 10:00:00,-18.0,22,60,January
2012-01-14 11:00:00,-17.8,20,59,January
2012-01-14 12:00:00,-17.5,20,58,January
2012-01-14 13:00:00,-17.1,17,55,January
2012-01-14 14:00:00,-16.7,17,56,January
2012-01-14 15:00:00,-16.7,22,56,January
2012-01-14 16:00:00,-16.7,19,52,January
2012-01-14 17:00:00,-17.4,13,54,January
2012-01-14 18:00:00,-17.7,20,56,January
2012-01-14 19:00:00,-18.3,17,59,January
2012-01-14 20:00:00,-19.6,13,58,January
2012-01-14 21:00:00,-20.0,11,59,January
2012-01-14 22:00:00,-19.9,13,58,January
2012-01-14 23:00:00,-20.3,9,59,January
2012-01-15 00:00:00,-21.2,11,61,January
2012-01-15 01:00:00,-21.1,9,61,January
2012-01-15 02:00:00,-21.4,9,63,January
2012-01-15 03:00:00,-20.7,4,62,January
2012-01-15 04:00:00,-21.0,0,61,January
2012-01-15 05:00:00,-21.3,6,63,January
2012-01-15 06:00:00,-23.2,7,62,January
2012-01-15 07:00:00,-22.8,9,62,January
2012-01-15 08:00:00,-23.3,7,62,January
2012-01-15 09:00:00,-22.2,9,60,January
2012-01-15 10:00:00,-20.6,9,58,January
2012-01-15 11:00:00,-19.3,9,55,January
2012-01-15 12:00:00,-18.0,13,52,January
2012-01-15 13:00:00,-16.8,20,53,January
2012-01-15 14:00:00,-16.0,26,53,January
2012-01-15 15:00:00,-15.4,24,53,January
2012-01-15 16:00:00,-15.1,24,52,January
2012-01-15 17:00:00,-16.2,15,55,January
2012-01-15 18:00:00,-16.3,17,57,January
2012-01-15 19:00:00,-16.3,20,58,January
2012-01-15 20:00:00,-16.7,17,61,January
2012-01-15 21:00:00,-16.9,15,63,January
2012-01-15 22:00:00,-16.9,17,66,January
2012-01-15 23:00:00,-16.9,15,68,January
2012-01-16 00:00:00,-17.1,15,66,January
2012-01-16 01:00:00,-17.8,6,65,January
2012-01-16 02:00:00,-18.5,6,68,January
2012-01-16 03:00:00,-19.2,6,67,January
2012-01-16 04:00:00,-18.7,0,66,January
2012-01-16 05:00:00,-19.1,0,69,January
2012-01-16 06:00:00,-18.7,0,68,January
2012-01-16 07:00:00,-17.9,4,73,January
2012-01-16 08:00:00,-17.9,9,67,January
2012-01-16 09:00:00,-14.4,22,59,January
2012-01-16 10:00:00,-13.6,19,65,January
2012-01-16 11:00:00,-12.7,20,66,January
2012-01-16 12:00:00,-10.7,19,60,January
2012-01-16 13:00:00,-10.1,13,61,January
2012-01-16 14:00:00,-9.0,13,68,January
2012-01-16 15:00:00,-8.0,17,63,January
2012-01-16 16:00:00,-7.1,9,57,January
2012-01-16 17:00:00,-7.6,4,56,January
2012-01-16 18:00:00,-12.5,15,66,January
2012-01-16 19:00:00,-14.8,15,70,January
2012-01-16 20:00:00,-14.0,13,70,January
2012-01-16 21:00:00,-12.9,11,71,January
2012-01-16 22:00:00,-12.2,9,70,January
2012-01-16 23:00:00,-11.5,7,71,January
2012-01-17 00:00:00,-10.8,9,71,January
2012-01-17 01:00:00,-10.4,9,71,January
2012-01-17 02:00:00,-9.7,9,73,January
2012-01-17 03:00:00,-9.2,6,73,January
2012-01-17 04:00:00,-9.0,6,78,January
2012-01-17 05:00:00,-8.3,6,85,January
2012-01-17 06:00:00,-7.7,6,84,January
2012-01-17 07:00:00,-7.5,9,85,January
2012-01-17 08:00:00,-7.4,9,84,January
2012-01-17 09:00:00,-7.0,15,82,January
2012-01-17 10:00:00,-6.5,15,82,January
2012-01-17 11:00:00,-6.1,15,83,January
2012-01-17 12:00:00,-5.3,19,82,January
2012-01-17 13:00:00,-5.1,22,82,January
2012-01-17 14:00:00,-4.3,22,85,January
2012-01-17 15:00:00,-3.7,24,84,January
2012-01-17 16:00:00,-3.5,28,83,January
2012-01-17 17:00:00,-3.6,22,84,January
2012-01-17 18:00:00,-3.5,22,84,January
2012-01-17 19:00:00,-3.3,24,84,January
2012-01-17 20:00:00,-3.6,24,85,January
2012-01-17 21:00:00,-2.9,26,86,January
2012-01-17 22:00:00,-1.6,17,89,January
2012-01-17 23:00:00,-0.6,7,90,January
2012-01-18 00:00:00,2.1,11,90,January
2012-01-18 01:00:00,3.7,83,66,January
2012-01-18 02:00:00,0.5,70,72,January
2012-01-18 03:00:00,-3.5,57,70,January
2012-01-18 04:00:00,-6.1,48,69,January
2012-01-18 05:00:00,-7.7,46,69,January
2012-01-18 06:00:00,-8.5,39,65,January
2012-01-18 07:00:00,-9.8,39,64,January
2012-01-18 08:00:00,-10.9,35,63,January
2012-01-18 09:00:00,-11.2,43,61,January
2012-01-18 10:00:00,-11.2,35,61,January
2012-01-18 11:00:00,-11.1,39,58,January
2012-01-18 12:00:00,-11.0,37,57,January
2012-01-18 13:00:00,-10.6,32,55,January
2012-01-18 14:00:00,-10.3,28,55,January
2012-01-18 15:00:00,-10.4,30,54,January
2012-01-18 16:00:00,-10.6,26,53,January
2012-01-18 17:00:00,-11.3,26,54,January
2012-01-18 18:00:00,-12.0,22,60,January
2012-01-18 19:00:00,-12.7,22,61,January
2012-01-18 20:00:00,-13.4,17,62,January
2012-01-18 21:00:00,-13.7,17,63,January
2012-01-18 22:00:00,-14.2,13,62,January
2012-01-18 23:00:00,-14.9,6,66,January
2012-01-19 00:00:00,-16.6,7,69,January
2012-01-19 01:00:00,-15.2,4,76,January
2012-01-19 02:00:00,-14.3,6,77,January
2012-01-19 03:00:00,-18.0,6,73,January
2012-01-19 04:00:00,-15.4,7,78,January
2012-01-19 05:00:00,-16.6,6,76,January
2012-01-19 06:00:00,-15.3,6,69,January
2012-01-19 07:00:00,-14.6,6,68,January
2012-01-19 08:00:00,-13.7,19,68,January
2012-01-19 09:00:00,-12.7,17,69,January
2012-01-19 10:00:00,-11.7,20,64,January
2012-01-19 11:00:00,-11.0,26,62,January
2012-01-19 12:00:00,-8.8,15,59,January
2012-01-19 13:00:00,-7.3,20,55,January
2012-01-19 14:00:00,-7.0,20,53,January
2012-01-19 15:00:00,-6.7,26,52,January
2012-01-19 16:00:00,-6.7,24,52,January
2012-01-19 17:00:00,-6.9,17,54,January
2012-01-19 18:00:00,-5.0,19,54,January
2012-01-19 19:00:00,-3.6,30,49,January
2012-01-19 20:00:00,-3.7,30,53,January
2012-01-19 21:00:00,-5.0,24,77,January
2012-01-19 22:00:00,-4.2,32,68,January
2012-01-19 23:00:00,-4.1,26,69,January
2012-01-20 00:00:00,-4.1,26,71,January
2012-01-20 01:00:00,-4.1,20,73,January
2012-01-20 02:00:00,-3.9,22,73,January
2012-01-20 03:00:00,-4.8,19,67,January
2012-01-20 04:00:00,-6.0,19,72,January
2012-01-20 05:00:00,-6.3,33,63,January
2012-01-20 06:00:00,-7.6,28,59,January
2012-01-20 07:00:00,-8.6,28,57,January
2012-01-20 08:00:00,-10.4,33,62,January
2012-01-20 09:00:00,-12.2,32,61,January
2012-01-20 10:00:00,-13.7,33,57,January
2012-01-20 11:00:00,-14.2,32,55,January
2012-01-20 12:00:00,-15.2,30,56,January
2012-01-20 13:00:00,-15.8,30,51,January
2012-01-20 14:00:00,-15.5,30,48,January
2012-01-20 15:00:00,-15.0,30,47,January
2012-01-20 16:00:00,-14.8,24,45,January
2012-01-20 17:00:00,-15.4,17,46,January
2012-01-20 18:00:00,-15.9,13,48,January
2012-01-20 19:00:00,-16.3,13,51,January
2012-01-20 20:00:00,-16.9,9,50,January
2012-01-20 21:00:00,-18.5,9,54,January
2012-01-20 22:00:00,-18.1,9,54,January
2012-01-20 23:00:00,-17.4,6,54,January
2012-01-21 00:00:00,-16.4,6,53,January
2012-01-21 01:00:00,-16.1,0,52,January
2012-01-21 02:00:00,-15.3,0,53,January
2012-01-21 03:00:00,-15.9,7,60,January
2012-01-21 04:00:00,-15.3,7,58,January
2012-01-21 05:00:00,-14.8,11,50,January
2012-01-21 06:00:00,-14.3,9,52,January
2012-01-21 07:00:00,-13.9,9,50,January
2012-01-21 08:00:00,-14.0,9,52,January
2012-01-21 09:00:00,-15.9,13,65,January
2012-01-21 10:00:00,-16.3,17,65,January
2012-01-21 11:00:00,-15.9,19,64,January
2012-01-21 12:00:00,-14.6,15,62,January
2012-01-21 13:00:00,-13.4,15,59,January
2012-01-21 14:00:00,-12.5,13,55,January
2012-01-21 15:00:00,-11.8,11,56,January
2012-01-21 16:00:00,-11.6,7,55,January
2012-01-21 17:00:00,-12.1,11,53,January
2012-01-21 18:00:00,-13.0,6,55,January
2012-01-21 19:00:00,-13.4,4,58,January
2012-01-21 20:00:00,-18.5,4,60,January
2012-01-21 21:00:00,-16.0,9,66,January
2012-01-21 22:00:00,-17.6,0,61,January
2012-01-21 23:00:00,-17.4,0,69,January
2012-01-22 00:00:00,-18.3,0,70,January
2012-01-22 01:00:00,-17.5,4,72,January
2012-01-22 02:00:00,-18.5,0,70,January
2012-01-22 03:00:00,-18.4,0,67,January
2012-01-22 04:00:00,-17.2,0,69,January
2012-01-22 05:00:00,-19.5,6,71,January
2012-01-22 06:00:00,-19.0,6,71,January
2012-01-22 07:00:00,-18.6,6,69,January
2012-01-22 08:00:00,-18.5,4,74,January
2012-01-22 09:00:00,-16.2,7,78,January
2012-01-22 10:00:00,-14.5,9,80,January
2012-01-22 11:00:00,-13.0,6,81,January
2012-01-22 12:00:00,-11.5,9,73,January
2012-01-22 13:00:00,-11.2,11,68,January
2012-01-22 14:00:00,-9.4,9,65,January
2012-01-22 15:00:00,-8.7,9,63,January
2012-01-22 16:00:00,-8.0,6,59,January
2012-01-22 17:00:00,-9.5,19,60,January
2012-01-22 18:00:00,-10.4,19,63,January
2012-01-22 19:00:00,-10.4,19,62,January
2012-01-22 20:00:00,-12.3,15,69,January
2012-01-22 21:00:00,-12.9,15,70,January
2012-01-22 22:00:00,-13.2,13,73,January
2012-01-22 23:00:00,-13.3,9,73,January
2012-01-23 00:00:00,-12.9,11,71,January
2012-01-23 01:00:00,-12.9,11,70,January
2012-01-23 02:00:00,-13.2,13,72,January
2012-01-23 03:00:00,-12.1,13,73,January
2012-01-23 04:00:00,-11.2,11,72,January
2012-01-23 05:00:00,-9.9,11,73,January
2012-01-23 06:00:00,-8.8,7,73,January
2012-01-23 07:00:00,-8.1,13,73,January
2012-01-23 08:00:00,-7.2,11,74,January
2012-01-23 09:00:00,-4.9,11,72,January
2012-01-23 10:00:00,-3.6,9,72,January
2012-01-23 11:00:00,1.2,11,72,January
2012-01-23 12:00:00,2.3,6,71,January
2012-01-23 13:00:00,2.5,22,75,January
2012-01-23 14:00:00,2.7,26,76,January
2012-01-23 15:00:00,2.7,30,77,January
2012-01-23 16:00:00,3.1,28,78,January
2012-01-23 17:00:00,3.1,28,78,January
2012-01-23 18:00:00,3.0,19,88,January
2012-01-23 19:00:00,3.2,22,88,January
2012-01-23 20:00:00,2.9,26,89,January
2012-01-23 21:00:00,3.3,24,89,January
2012-01-23 22:00:00,3.6,28,91,January
2012-01-23 23:00:00,4.0,22,90,January
2012-01-24 00:00:00,3.5,17,92,January
2012-01-24 01:00:00,3.1,19,92,January
2012-01-24 02:00:00,3.1,9,93,January
2012-01-24 03:00:00,5.0,19,91,January
2012-01-24 04:00:00,4.2,30,81,January
2012-01-24 05:00:00,3.7,41,76,January
2012-01-24 06:00:00,3.4,28,75,January
2012-01-24 07:00:00,2.9,26,75,January
2012-01-24 08:00:00,3.0,28,71,January
2012-01-24 09:00:00,2.9,30,71,January
2012-01-24 10:00:00,3.0,35,70,January
2012-01-24 11:00:00,3.1,33,70,January
2012-01-24 12:00:00,3.2,30,67,January
2012-01-24 13:00:00,2.8,39,69,January
2012-01-24 14:00:00,2.4,35,71,January
2012-01-24 15:00:00,1.9,26,74,January
2012-01-24 16:00:00,1.7,30,74,January
2012-01-24 17:00:00,1.6,26,73,January
2012-01-24 18:00:00,1.5,22,72,January
2012-01-24 19:00:00,1.5,32,71,January
2012-01-24 20:00:00,1.3,19,72,January
2012-01-24 21:00:00,1.1,20,74,January
2012-01-24 22:00:00,1.1,22,72,January
2012-01-24 23:00:00,1.0,28,72,January
2012-01-25 00:00:00,0.5,28,69,January
2012-01-25 01:00:00,-0.1,22,68,January
2012-01-25 02:00:00,-0.4,20,66,January
2012-01-25 03:00:00,-0.5,24,65,January
2012-01-25 04:00:00,-0.7,24,67,January
2012-01-25 05:00:00,-1.7,33,64,January
2012-01-25 06:00:00,-2.8,35,62,January
2012-01-25 07:00:00,-3.9,37,63,January
2012-01-25 08:00:00,-4.7,26,62,January
2012-01-25 09:00:00,-5.2,28,62,January
2012-01-25 10:00:00,-5.3,22,62,January
2012-01-25 11:00:00,-5.3,19,60,January
2012-01-25 12:00:00,-5.0,20,59,January
2012-01-25 13:00:00,-4.7,20,58,January
2012-01-25 14:00:00,-4.5,22,60,January
2012-01-25 15:00:00,-4.4,22,59,January
2012-01-25 16:00:00,-4.4,19,59,January
2012-01-25 17:00:00,-4.8,20,60,January
2012-01-25 18:00:00,-5.1,11,61,January
2012-01-25 19:00:00,-5.4,13,62,January
2012-01-25 20:00:00,-4.9,7,59,January
2012-01-25 21:00:00,-5.4,7,64,January
2012-01-25 22:00:00,-5.5,0,64,January
2012-01-25 23:00:00,-5.4,6,63,January
2012-01-26 00:00:00,-5.9,6,64,January
2012-01-26 01:00:00,-7.0,4,67,January
2012-01-26 02:00:00,-8.2,6,71,January
2012-01-26 03:00:00,-8.1,0,71,January
2012-01-26 04:00:00,-8.5,0,67,January
2012-01-26 05:00:00,-9.0,6,68,January
2012-01-26 06:00:00,-11.2,6,73,January
2012-01-26 07:00:00,-10.6,6,74,January
2012-01-26 08:00:00,-9.2,6,72,January
2012-01-26 09:00:00,-7.9,11,70,January
2012-01-26 10:00:00,-5.7,11,59,January
2012-01-26 11:00:00,-5.0,7,57,January
2012-01-26 12:00:00,-4.6,11,54,January
2012-01-26 13:00:00,-4.0,15,54,January
2012-01-26 14:00:00,-3.4,11,49,January
2012-01-26 15:00:00,-3.0,13,42,January
2012-01-26 16:00:00,-3.8,19,52,January
2012-01-26 17:00:00,-4.3,20,54,January
2012-01-26 18:00:00,-4.7,24,49,January
2012-01-26 19:00:00,-4.5,17,49,January
2012-01-26 20:00:00,-4.6,17,52,January
2012-01-26 21:00:00,-5.2,20,58,January
2012-01-26 22:00:00,-5.3,22,68,January
2012-01-26 23:00:00,-5.8,22,77,January
2012-01-27 00:00:00,-5.7,28,79,January
2012-01-27 01:00:00,-5.5,24,81,January
2012-01-27 02:00:00,-5.5,26,81,January
2012-01-27 03:00:00,-5.3,28,81,January
2012-01-27 04:00:00,-4.9,26,81,January
2012-01-27 05:00:00,-4.0,22,82,January
2012-01-27 06:00:00,-2.1,19,86,January
2012-01-27 07:00:00,-0.8,22,86,January
2012-01-27 08:00:00,0.3,20,86,January
2012-01-27 09:00:00,0.7,17,86,January
2012-01-27 10:00:00,0.6,17,88,January
2012-01-27 11:00:00,0.7,20,88,January
2012-01-27 12:00:00,0.7,20,89,January
2012-01-27 13:00:00,0.7,22,88,January
2012-01-27 14:00:00,0.5,20,88,January
2012-01-27 15:00:00,0.3,19,87,January
2012-01-27 16:00:00,-0.3,19,86,January
2012-01-27 17:00:00,-0.6,22,88,January
2012-01-27 18:00:00,-0.3,11,90,January
2012-01-27 19:00:00,0.1,30,88,January
2012-01-27 20:00:00,-0.7,32,86,January
2012-01-27 21:00:00,-1.3,19,82,January
2012-01-27 22:00:00,-1.5,19,81,January
2012-01-27 23:00:00,-1.6,20,81,January
2012-01-28 00:00:00,-1.5,19,81,January
2012-01-28 01:00:00,-0.2,22,82,January
2012-01-28 02:00:00,0.2,24,81,January
2012-01-28 03:00:00,0.4,17,78,January
2012-01-28 04:00:00,0.1,15,77,January
2012-01-28 05:00:00,0.3,19,80,January
2012-01-28 06:00:00,-1.7,9,76,January
2012-01-28 07:00:00,-1.2,11,78,January
2012-01-28 08:00:00,-2.1,7,80,January
2012-01-28 09:00:00,-1.6,13,81,January
2012-01-28 10:00:00,-1.1,13,78,January
2012-01-28 11:00:00,-0.6,6,80,January
2012-01-28 12:00:00,-0.3,7,80,January
2012-01-28 13:00:00,0.9,4,72,January
2012-01-28 14:00:00,1.2,9,71,January
2012-01-28 15:00:00,1.2,15,70,January
2012-01-28 16:00:00,1.4,22,69,January
2012-01-28 17:00:00,1.2,11,71,January
2012-01-28 18:00:00,1.6,9,69,January
2012-01-28 19:00:00,2.2,19,71,January
2012-01-28 20:00:00,1.7,24,81,January
2012-01-28 21:00:00,2.1,24,76,January
2012-01-28 22:00:00,2.3,37,73,January
2012-01-28 23:00:00,1.2,52,81,January
2012-01-29 00:00:00,1.5,57,62,January
2012-01-29 01:00:00,0.9,52,63,January
2012-01-29 02:00:00,0.3,52,64,January
2012-01-29 03:00:00,-0.2,43,65,January
2012-01-29 04:00:00,-0.9,43,63,January
2012-01-29 05:00:00,-1.5,43,62,January
2012-01-29 06:00:00,-2.0,44,63,January
2012-01-29 07:00:00,-1.9,32,62,January
2012-01-29 08:00:00,-2.2,32,63,January
2012-01-29 09:00:00,-2.1,32,62,January
2012-01-29 10:00:00,-1.8,24,61,January
2012-01-29 11:00:00,-0.8,33,59,January
2012-01-29 12:00:00,0.1,37,56,January
2012-01-29 13:00:00,0.5,33,50,January
2012-01-29 14:00:00,0.4,19,54,January
2012-01-29 15:00:00,0.2,17,56,January
2012-01-29 16:00:00,0.7,20,51,January
2012-01-29 17:00:00,-0.7,11,56,January
2012-01-29 18:00:00,-1.1,17,54,January
2012-01-29 19:00:00,-1.6,17,56,January
2012-01-29 20:00:00,-2.0,17,58,January
2012-01-29 21:00:00,-1.7,9,60,January
2012-01-29 22:00:00,-2.3,15,70,January
2012-01-29 23:00:00,-3.4,15,73,January
2012-01-30 00:00:00,-3.7,11,68,January
2012-01-30 01:00:00,-4.4,15,65,January
2012-01-30 02:00:00,-5.1,15,68,January
2012-01-30 03:00:00,-6.1,11,72,January
2012-01-30 04:00:00,-7.7,11,72,January
2012-01-30 05:00:00,-7.9,13,63,January
2012-01-30 06:00:00,-8.9,15,61,January
2012-01-30 07:00:00,-9.8,15,61,January
2012-01-30 08:00:00,-10.5,9,59,January
2012-01-30 09:00:00,-9.5,13,56,January
2012-01-30 10:00:00,-8.8,17,56,January
2012-01-30 11:00:00,-7.7,19,57,January
2012-01-30 12:00:00,-7.0,22,56,January
2012-01-30 13:00:00,-7.5,22,54,January
2012-01-30 14:00:00,-6.7,22,52,January
2012-01-30 15:00:00,-6.9,22,51,January
2012-01-30 16:00:00,-7.3,17,51,January
2012-01-30 17:00:00,-7.4,13,51,January
2012-01-30 18:00:00,-7.4,15,52,January
2012-01-30 19:00:00,-8.8,7,56,January
2012-01-30 20:00:00,-9.5,4,59,January
2012-01-30 21:00:00,-8.4,4,57,January
2012-01-30 22:00:00,-7.8,4,55,January
2012-01-30 23:00:00,-8.6,6,66,January
2012-01-31 00:00:00,-7.0,7,62,January
2012-01-31 01:00:00,-7.1,6,62,January
2012-01-31 02:00:00,-6.5,11,59,January
2012-01-31 03:00:00,-6.8,15,64,January
2012-01-31 04:00:00,-7.1,17,66,January
2012-01-31 05:00:00,-7.1,17,67,January
2012-01-31 06:00:00,-7.0,13,69,January
2012-01-31 07:00:00,-9.6,17,73,January
2012-01-31 08:00:00,-9.8,19,72,January
2012-01-31 09:00:00,-10.1,17,71,January
2012-01-31 10:00:00,-9.7,19,70,January
2012-01-31 11:00:00,-9.3,20,67,January
2012-01-31 12:00:00,-8.6,22,69,January
2012-01-31 13:00:00,-8.3,20,73,January
2012-01-31 14:00:00,-8.4,20,75,January
2012-01-31 15:00:00,-8.2,17,74,January
2012-01-31 16:00:00,-8.0,20,76,January
2012-01-31 17:00:00,-7.7,19,77,January
2012-01-31 18:00:00,-7.8,20,77,January
2012-01-31 19:00:00,-7.7,19,78,January
2012-01-31 20:00:00,-7.4,20,77,January
2012-01-31 21:00:00,-7.1,20,77,January
2012-01-31 22:00:00,-7.1,19,77,January
2012-01-31 23:00:00,-6.8,22,79,January
2012-02-01 00:00:00,-6.7,19,79,February
2012-02-01 01:00:00,-6.7,15,80,February
2012-02-01 02:00:00,-6.8,19,82,February
2012-02-01 03:00:00,-6.5,15,82,February
2012-02-01 04:00:00,-5.8,17,83,February
2012-02-01 05:00:00,-5.8,19,81,February
2012-02-01 06:00:00,-5.4,15,82,February
2012-02-01 07:00:00,-5.5,13,81,February
2012-02-01 08:00:00,-5.5,11,79,February
2012-02-01 09:00:00,-5.7,15,80,February
2012-02-01 10:00:00,-5.7,13,81,February
2012-02-01 11:00:00,-5.8,9,82,February
2012-02-01 12:00:00,-5.5,11,83,February
2012-02-01 13:00:00,-5.0,11,81,February
2012-02-01 14:00:00,-4.9,9,83,February
2012-02-01 15:00:00,-4.9,6,82,February
2012-02-01 16:00:00,-4.5,0,81,February
2012-02-01 17:00:00,-4.3,0,81,February
2012-02-01 18:00:00,-4.0,0,80,February
2012-02-01 19:00:00,-3.9,6,81,February
2012-02-01 20:00:00,-3.6,4,81,February
2012-02-01 21:00:00,-4.3,15,80,February
2012-02-01 22:00:00,-5.0,15,78,February
2012-02-01 23:00:00,-4.9,0,78,February
2012-02-02 00:00:00,-5.0,7,78,February
2012-02-02 01:00:00,-5.5,9,75,February
2012-02-02 02:00:00,-6.3,4,77,February
2012-02-02 03:00:00,-5.6,6,76,February
2012-02-02 04:00:00,-5.5,4,78,February
2012-02-02 05:00:00,-5.2,9,72,February
2012-02-02 06:00:00,-6.0,13,63,February
2012-02-02 07:00:00,-6.9,22,63,February
2012-02-02 08:00:00,-7.6,19,64,February
2012-02-02 09:00:00,-7.7,19,63,February
2012-02-02 10:00:00,-8.2,17,65,February
2012-02-02 11:00:00,-8.3,19,62,February
2012-02-02 12:00:00,-8.1,13,66,February
2012-02-02 13:00:00,-7.4,9,66,February
2012-02-02 14:00:00,-6.7,9,66,February
2012-02-02 15:00:00,-6.7,9,65,February
2012-02-02 16:00:00,-6.6,11,67,February
2012-02-02 17:00:00,-7.1,13,68,February
2012-02-02 18:00:00,-7.7,7,68,February
2012-02-02 19:00:00,-7.0,6,66,February
2012-02-02 20:00:00,-8.9,4,73,February
2012-02-02 21:00:00,-7.2,4,74,February
2012-02-02 22:00:00,-8.0,7,76,February
2012-02-02 23:00:00,-7.2,7,74,February
2012-02-03 00:00:00,-9.7,4,80,February
2012-02-03 01:00:00,-11.0,0,82,February
2012-02-03 02:00:00,-10.2,0,82,February
2012-02-03 03:00:00,-11.6,0,82,February
2012-02-03 04:00:00,-12.6,7,82,February
2012-02-03 05:00:00,-11.2,9,85,February
2012-02-03 06:00:00,-11.8,7,83,February
2012-02-03 07:00:00,-11.3,9,82,February
2012-02-03 08:00:00,-10.6,9,80,February
2012-02-03 09:00:00,-8.8,6,78,February
2012-02-03 10:00:00,-6.8,7,77,February
2012-02-03 11:00:00,-6.3,11,75,February
2012-02-03 12:00:00,-6.2,11,77,February
2012-02-03 13:00:00,-4.8,6,76,February
2012-02-03 14:00:00,-3.8,7,76,February
2012-02-03 15:00:00,-2.9,19,69,February
2012-02-03 16:00:00,-3.3,13,74,February
2012-02-03 17:00:00,-3.4,11,76,February
2012-02-03 18:00:00,-3.7,7,77,February
2012-02-03 19:00:00,-3.8,9,77,February
2012-02-03 20:00:00,-4.2,11,77,February
2012-02-03 21:00:00,-4.7,7,78,February
2012-02-03 22:00:00,-5.3,0,78,February
2012-02-03 23:00:00,-3.7,6,80,February
2012-02-04 00:00:00,-4.5,9,84,February
2012-02-04 01:00:00,-4.5,11,85,February
2012-02-04 02:00:00,-4.0,20,77,February
2012-02-04 03:00:00,-4.9,15,65,February
2012-02-04 04:00:00,-7.1,13,64,February
2012-02-04 05:00:00,-8.1,15,66,February
2012-02-04 06:00:00,-9.4,9,70,February
2012-02-04 07:00:00,-11.0,7,74,February
2012-02-04 08:00:00,-11.6,9,72,February
2012-02-04 09:00:00,-9.6,13,70,February
2012-02-04 10:00:00,-8.4,6,66,February
2012-02-04 11:00:00,-7.6,0,62,February
2012-02-04 12:00:00,-6.6,4,59,February
2012-02-04 13:00:00,-6.3,13,60,February
2012-02-04 14:00:00,-6.0,6,59,February
2012-02-04 15:00:00,-5.4,11,57,February
2012-02-04 16:00:00,-5.7,9,57,February
2012-02-04 17:00:00,-6.2,11,56,February
2012-02-04 18:00:00,-6.6,9,57,February
2012-02-04 19:00:00,-7.7,7,61,February
2012-02-04 20:00:00,-8.8,6,64,February
2012-02-04 21:00:00,-9.9,6,69,February
2012-02-04 22:00:00,-10.3,0,69,February
2012-02-04 23:00:00,-10.1,0,71,February
2012-02-05 00:00:00,-11.9,6,76,February
2012-02-05 01:00:00,-12.1,6,79,February
2012-02-05 02:00:00,-14.4,6,80,February
2012-02-05 03:00:00,-12.9,6,79,February
2012-02-05 04:00:00,-14.9,6,78,February
2012-02-05 05:00:00,-14.2,7,79,February
2012-02-05 06:00:00,-14.7,4,79,February
2012-02-05 07:00:00,-15.7,4,78,February
2012-02-05 08:00:00,-15.0,4,81,February
2012-02-05 09:00:00,-13.5,0,81,February
2012-02-05 10:00:00,-11.1,9,83,February
2012-02-05 11:00:00,-10.5,11,86,February
2012-02-05 12:00:00,-8.7,9,79,February
2012-02-05 13:00:00,-7.2,13,68,February
2012-02-05 14:00:00,-5.5,20,61,February
2012-02-05 15:00:00,-5.3,15,62,February
2012-02-05 16:00:00,-4.7,6,63,February
2012-02-05 17:00:00,-4.2,9,64,February
2012-02-05 18:00:00,-3.9,15,64,February
2012-02-05 19:00:00,-3.1,15,66,February
2012-02-05 20:00:00,-2.8,24,67,February
2012-02-05 21:00:00,-2.5,26,67,February
2012-02-05 22:00:00,-2.1,28,71,February
2012-02-05 23:00:00,-1.5,30,73,February
2012-02-06 00:00:00,-0.7,30,72,February
2012-02-06 01:00:00,-0.8,24,72,February
2012-02-06 02:00:00,0.1,32,70,February
2012-02-06 03:00:00,0.1,30,78,February
2012-02-06 04:00:00,0.8,35,72,February
2012-02-06 05:00:00,1.0,26,70,February
2012-02-06 06:00:00,1.1,32,71,February
2012-02-06 07:00:00,1.2,37,71,February
2012-02-06 08:00:00,1.1,33,70,February
2012-02-06 09:00:00,1.1,32,71,February
2012-02-06 10:00:00,1.4,32,71,February
2012-02-06 11:00:00,1.9,35,71,February
2012-02-06 12:00:00,2.6,22,70,February
2012-02-06 13:00:00,2.6,32,67,February
2012-02-06 14:00:00,3.0,33,63,February
2012-02-06 15:00:00,3.3,30,62,February
2012-02-06 16:00:00,3.3,17,63,February
2012-02-06 17:00:00,2.9,13,66,February
2012-02-06 18:00:00,3.2,11,65,February
2012-02-06 19:00:00,3.1,13,66,February
2012-02-06 20:00:00,2.6,11,69,February
2012-02-06 21:00:00,3.0,15,69,February
2012-02-06 22:00:00,2.7,13,68,February
2012-02-06 23:00:00,2.2,13,69,February
2012-02-07 00:00:00,1.9,13,69,February
2012-02-07 01:00:00,1.8,15,68,February
2012-02-07 02:00:00,1.5,15,65,February
2012-02-07 03:00:00,0.8,19,65,February
2012-02-07 04:00:00,-1.0,19,58,February
2012-02-07 05:00:00,-1.9,15,61,February
2012-02-07 06:00:00,-2.9,20,64,February
2012-02-07 07:00:00,-5.5,17,57,February
2012-02-07 08:00:00,-6.1,17,59,February
2012-02-07 09:00:00,-6.2,19,57,February
2012-02-07 10:00:00,-6.2,19,57,February
2012-02-07 11:00:00,-6.0,11,54,February
2012-02-07 12:00:00,-5.6,13,55,February
2012-02-07 13:00:00,-5.2,15,49,February
2012-02-07 14:00:00,-5.1,15,45,February
2012-02-07 15:00:00,-4.8,19,43,February
2012-02-07 16:00:00,-5.0,22,40,February
2012-02-07 17:00:00,-5.9,19,39,February
2012-02-07 18:00:00,-7.3,11,44,February
2012-02-07 19:00:00,-8.2,9,46,February
2012-02-07 20:00:00,-9.2,11,47,February
2012-02-07 21:00:00,-9.6,13,47,February
2012-02-07 22:00:00,-10.8,9,46,February
2012-02-07 23:00:00,-11.8,9,47,February
2012-02-08 00:00:00,-13.8,4,52,February
2012-02-08 01:00:00,-11.9,9,48,February
2012-02-08 02:00:00,-12.1,6,50,February
2012-02-08 03:00:00,-12.4,11,51,February
2012-02-08 04:00:00,-14.0,4,55,February
2012-02-08 05:00:00,-12.6,0,49,February
2012-02-08 06:00:00,-12.4,9,48,February
2012-02-08 07:00:00,-11.7,15,59,February
2012-02-08 08:00:00,-10.8,13,60,February
2012-02-08 09:00:00,-9.6,15,64,February
2012-02-08 10:00:00,-8.2,17,60,February
2012-02-08 11:00:00,-6.3,17,56,February
2012-02-08 12:00:00,-4.6,20,52,February
2012-02-08 13:00:00,-3.3,32,47,February
2012-02-08 14:00:00,-2.4,24,47,February
2012-02-08 15:00:00,-1.8,32,43,February
2012-02-08 16:00:00,-1.6,22,45,February
2012-02-08 17:00:00,-2.1,17,47,February
2012-02-08 18:00:00,-2.5,19,46,February
2012-02-08 19:00:00,-3.2,22,49,February
2012-02-08 20:00:00,-3.3,22,51,February
2012-02-08 21:00:00,-3.1,26,57,February
2012-02-08 22:00:00,-3.6,17,68,February
2012-02-08 23:00:00,-3.6,20,71,February
2012-02-09 00:00:00,-4.0,13,72,February
2012-02-09 01:00:00,-3.4,13,71,February
2012-02-09 02:00:00,-3.9,11,73,February
2012-02-09 03:00:00,-3.5,24,72,February
2012-02-09 04:00:00,-3.4,26,70,February
2012-02-09 05:00:00,-4.1,20,73,February
2012-02-09 06:00:00,-4.9,20,73,February
2012-02-09 07:00:00,-5.4,17,75,February
2012-02-09 08:00:00,-4.9,20,74,February
2012-02-09 09:00:00,-3.5,22,71,February
2012-02-09 10:00:00,-2.5,28,67,February
2012-02-09 11:00:00,-1.2,24,63,February
2012-02-09 12:00:00,-0.1,24,58,February
2012-02-09 13:00:00,0.7,26,56,February
2012-02-09 14:00:00,1.5,30,56,February
2012-02-09 15:00:00,2.4,24,53,February
2012-02-09 16:00:00,2.7,22,51,February
2012-02-09 17:00:00,2.0,20,54,February
2012-02-09 18:00:00,1.6,22,54,February
2012-02-09 19:00:00,0.4,20,63,February
2012-02-09 20:00:00,0.5,17,59,February
2012-02-09 21:00:00,0.2,22,65,February
2012-02-09 22:00:00,0.8,28,67,February
2012-02-09 23:00:00,0.1,26,69,February
2012-02-10 00:00:00,0.4,22,75,February
2012-02-10 01:00:00,0.1,19,73,February
2012-02-10 02:00:00,0.0,22,73,February
2012-02-10 03:00:00,-1.0,17,78,February
2012-02-10 04:00:00,-0.8,20,77,February
2012-02-10 05:00:00,-0.8,22,77,February
2012-02-10 06:00:00,-0.7,22,78,February
2012-02-10 07:00:00,-0.5,20,78,February
2012-02-10 08:00:00,-0.9,17,78,February
2012-02-10 09:00:00,-0.1,19,78,February
2012-02-10 10:00:00,0.9,28,71,February
2012-02-10 11:00:00,1.4,20,67,February
2012-02-10 12:00:00,1.4,24,68,February
2012-02-10 13:00:00,1.3,24,64,February
2012-02-10 14:00:00,1.1,30,71,February
2012-02-10 15:00:00,1.3,28,68,February
2012-02-10 16:00:00,1.0,30,69,February
2012-02-10 17:00:00,0.9,22,66,February
2012-02-10 18:00:00,0.4,17,68,February
2012-02-10 19:00:00,0.0,17,68,February
2012-02-10 20:00:00,-0.2,15,69,February
2012-02-10 21:00:00,-0.4,13,73,February
2012-02-10 22:00:00,-0.7,11,84,February
2012-02-10 23:00:00,-0.9,6,90,February
2012-02-11 00:00:00,-1.4,9,94,February
2012-02-11 01:00:00,-7.4,24,89,February
2012-02-11 02:00:00,-8.6,30,83,February
2012-02-11 03:00:00,-9.5,22,79,February
2012-02-11 04:00:00,-10.8,22,81,February
2012-02-11 05:00:00,-11.5,20,79,February
2012-02-11 06:00:00,-12.2,24,81,February
2012-02-11 07:00:00,-13.0,20,80,February
2012-02-11 08:00:00,-13.7,20,75,February
2012-02-11 09:00:00,-13.7,20,64,February
2012-02-11 10:00:00,-13.4,19,64,February
2012-02-11 11:00:00,-13.1,11,62,February
2012-02-11 12:00:00,-12.8,9,70,February
2012-02-11 13:00:00,-12.1,7,70,February
2012-02-11 14:00:00,-11.3,6,61,February
2012-02-11 15:00:00,-10.8,11,52,February
2012-02-11 16:00:00,-10.4,6,52,February
2012-02-11 17:00:00,-10.5,4,59,February
2012-02-11 18:00:00,-12.8,4,66,February
2012-02-11 19:00:00,-14.0,7,54,February
2012-02-11 20:00:00,-14.4,9,63,February
2012-02-11 21:00:00,-13.9,7,68,February
2012-02-11 22:00:00,-13.5,6,68,February
2012-02-11 23:00:00,-14.5,13,59,February
2012-02-12 00:00:00,-15.0,11,53,February
2012-02-12 01:00:00,-15.3,11,51,February
2012-02-12 02:00:00,-15.9,6,51,February
2012-02-12 03:00:00,-16.8,9,54,February
2012-02-12 04:00:00,-16.6,11,54,February
2012-02-12 05:00:00,-16.4,11,58,February
2012-02-12 06:00:00,-16.7,15,57,February
2012-02-12 07:00:00,-16.7,19,56,February
2012-02-12 08:00:00,-16.9,17,54,February
2012-02-12 09:00:00,-16.7,17,50,February
2012-02-12 10:00:00,-16.6,17,48,February
2012-02-12 11:00:00,-16.1,20,45,February
2012-02-12 12:00:00,-14.8,24,46,February
2012-02-12 13:00:00,-13.9,20,45,February
2012-02-12 14:00:00,-13.2,26,44,February
2012-02-12 15:00:00,-12.5,28,42,February
2012-02-12 16:00:00,-12.0,32,44,February
2012-02-12 17:00:00,-12.0,26,43,February
2012-02-12 18:00:00,-12.3,24,52,February
2012-02-12 19:00:00,-11.9,24,54,February
2012-02-12 20:00:00,-11.3,22,53,February
2012-02-12 21:00:00,-10.8,24,52,February
2012-02-12 22:00:00,-10.6,26,55,February
2012-02-12 23:00:00,-10.3,20,56,February
2012-02-13 00:00:00,-10.0,19,60,February
2012-02-13 01:00:00,-9.4,22,56,February
2012-02-13 02:00:00,-8.8,24,57,February
2012-02-13 03:00:00,-8.8,20,63,February
2012-02-13 04:00:00,-8.4,20,61,February
2012-02-13 05:00:00,-8.0,22,57,February
2012-02-13 06:00:00,-7.9,22,59,February
2012-02-13 07:00:00,-7.9,22,59,February
2012-02-13 08:00:00,-8.0,24,65,February
2012-02-13 09:00:00,-7.5,20,57,February
2012-02-13 10:00:00,-6.8,26,37,February
2012-02-13 11:00:00,-6.5,20,60,February
2012-02-13 12:00:00,-5.2,17,54,February
2012-02-13 13:00:00,-4.9,24,49,February
2012-02-13 14:00:00,-4.3,22,49,February
2012-02-13 15:00:00,-3.4,24,50,February
2012-02-13 16:00:00,-3.4,24,48,February
2012-02-13 17:00:00,-3.6,15,45,February
2012-02-13 18:00:00,-4.9,0,51,February
2012-02-13 19:00:00,-5.6,15,61,February
2012-02-13 20:00:00,-7.2,7,69,February
2012-02-13 21:00:00,-7.5,11,70,February
2012-02-13 22:00:00,-9.0,13,73,February
2012-02-13 23:00:00,-10.8,19,72,February
2012-02-14 00:00:00,-11.8,15,73,February
2012-02-14 01:00:00,-11.9,13,72,February
2012-02-14 02:00:00,-12.9,11,66,February
2012-02-14 03:00:00,-13.2,9,61,February
2012-02-14 04:00:00,-13.4,11,61,February
2012-02-14 05:00:00,-13.4,4,59,February
2012-02-14 06:00:00,-14.2,6,64,February
2012-02-14 07:00:00,-13.7,7,59,February
2012-02-14 08:00:00,-13.6,9,58,February
2012-02-14 09:00:00,-11.6,4,59,February
2012-02-14 10:00:00,-8.8,4,64,February
2012-02-14 11:00:00,-5.0,0,65,February
2012-02-14 12:00:00,-3.2,4,68,February
2012-02-14 13:00:00,-2.1,4,72,February
2012-02-14 14:00:00,0.1,9,68,February
2012-02-14 15:00:00,1.1,9,62,February
2012-02-14 16:00:00,2.3,7,59,February
2012-02-14 17:00:00,1.1,9,70,February
2012-02-14 18:00:00,1.3,9,68,February
2012-02-14 19:00:00,1.8,7,56,February
2012-02-14 20:00:00,-0.2,4,69,February
2012-02-14 21:00:00,-0.6,7,67,February
2012-02-14 22:00:00,-0.5,0,68,February
2012-02-14 23:00:00,-1.2,0,72,February
2012-02-15 00:00:00,-1.9,4,76,February
2012-02-15 01:00:00,-1.8,4,78,February
2012-02-15 02:00:00,-1.2,0,74,February
2012-02-15 03:00:00,-1.6,4,75,February
2012-02-15 04:00:00,-0.7,0,81,February
2012-02-15 05:00:00,-1.3,7,88,February
2012-02-15 06:00:00,-1.0,0,91,February
2012-02-15 07:00:00,-0.3,4,91,February
2012-02-15 08:00:00,0.1,4,89,February
2012-02-15 09:00:00,0.6,4,88,February
2012-02-15 10:00:00,1.0,0,88,February
2012-02-15 11:00:00,2.0,0,85,February
2012-02-15 12:00:00,2.1,0,84,February
2012-02-15 13:00:00,1.7,6,87,February
2012-02-15 14:00:00,1.5,7,90,February
2012-02-15 15:00:00,1.9,6,88,February
2012-02-15 16:00:00,2.2,6,87,February
2012-02-15 17:00:00,2.1,6,88,February
2012-02-15 18:00:00,1.5,7,91,February
2012-02-15 19:00:00,1.5,7,91,February
2012-02-15 20:00:00,1.5,7,91,February
2012-02-15 21:00:00,1.3,13,92,February
2012-02-15 22:00:00,1.2,7,92,February
2012-02-15 23:00:00,1.4,7,90,February
2012-02-16 00:00:00,0.8,9,92,February
2012-02-16 01:00:00,1.1,7,89,February
2012-02-16 02:00:00,0.7,4,90,February
2012-02-16 03:00:00,0.7,6,90,February
2012-02-16 04:00:00,0.9,7,89,February
2012-02-16 05:00:00,0.7,4,89,February
2012-02-16 06:00:00,1.3,6,85,February
2012-02-16 07:00:00,1.7,7,83,February
2012-02-16 08:00:00,1.2,7,84,February
2012-02-16 09:00:00,1.8,0,80,February
2012-02-16 10:00:00,2.7,11,76,February
2012-02-16 11:00:00,3.3,11,68,February
2012-02-16 12:00:00,3.6,19,62,February
2012-02-16 13:00:00,3.3,19,65,February
2012-02-16 14:00:00,3.5,19,64,February
2012-02-16 15:00:00,3.6,19,63,February
2012-02-16 16:00:00,3.7,15,64,February
2012-02-16 17:00:00,3.6,15,63,February
2012-02-16 18:00:00,3.0,19,69,February
2012-02-16 19:00:00,2.5,17,75,February
2012-02-16 20:00:00,1.7,17,84,February
2012-02-16 21:00:00,1.5,15,87,February
2012-02-16 22:00:00,1.5,17,86,February
2012-02-16 23:00:00,1.3,19,89,February
2012-02-17 00:00:00,1.3,19,89,February
2012-02-17 01:00:00,1.3,19,90,February
2012-02-17 02:00:00,1.3,17,92,February
2012-02-17 03:00:00,1.4,19,92,February
2012-02-17 04:00:00,2.3,20,92,February
2012-02-17 05:00:00,2.8,24,92,February
2012-02-17 06:00:00,3.0,30,86,February
2012-02-17 07:00:00,3.0,24,79,February
2012-02-17 08:00:00,2.8,32,75,February
2012-02-17 09:00:00,2.3,32,71,February
2012-02-17 10:00:00,2.5,41,67,February
2012-02-17 11:00:00,2.6,32,62,February
2012-02-17 12:00:00,2.6,24,61,February
2012-02-17 13:00:00,3.0,22,59,February
2012-02-17 14:00:00,3.5,28,53,February
2012-02-17 15:00:00,3.0,30,58,February
2012-02-17 16:00:00,3.1,26,56,February
2012-02-17 17:00:00,2.6,26,62,February
2012-02-17 18:00:00,2.3,22,64,February
2012-02-17 19:00:00,2.0,28,67,February
2012-02-17 20:00:00,1.8,24,68,February
2012-02-17 21:00:00,1.7,19,68,February
2012-02-17 22:00:00,1.2,15,69,February
2012-02-17 23:00:00,0.9,26,69,February
2012-02-18 00:00:00,0.7,24,71,February
2012-02-18 01:00:00,0.7,22,68,February
2012-02-18 02:00:00,0.3,22,71,February
2012-02-18 03:00:00,0.3,26,69,February
2012-02-18 04:00:00,-0.3,22,71,February
2012-02-18 05:00:00,-0.6,19,72,February
2012-02-18 06:00:00,-0.2,20,70,February
2012-02-18 07:00:00,-0.6,24,71,February
2012-02-18 08:00:00,-0.6,19,70,February
2012-02-18 09:00:00,-0.6,24,70,February
2012-02-18 10:00:00,0.1,24,67,February
2012-02-18 11:00:00,0.5,17,66,February
2012-02-18 12:00:00,1.1,15,60,February
2012-02-18 13:00:00,1.8,20,56,February
2012-02-18 14:00:00,1.2,15,61,February
2012-02-18 15:00:00,1.5,19,58,February
2012-02-18 16:00:00,1.5,19,56,February
2012-02-18 17:00:00,1.0,13,59,February
2012-02-18 18:00:00,0.8,15,56,February
2012-02-18 19:00:00,-0.6,11,58,February
2012-02-18 20:00:00,-1.7,11,63,February
2012-02-18 21:00:00,-2.4,9,65,February
2012-02-18 22:00:00,-3.5,9,69,February
2012-02-18 23:00:00,-3.9,9,69,February
2012-02-19 00:00:00,-3.9,13,69,February
2012-02-19 01:00:00,-4.5,19,66,February
2012-02-19 02:00:00,-5.2,9,68,February
2012-02-19 03:00:00,-6.0,0,72,February
2012-02-19 04:00:00,-5.8,7,69,February
2012-02-19 05:00:00,-5.9,9,74,February
2012-02-19 06:00:00,-6.7,6,76,February
2012-02-19 07:00:00,-6.3,7,72,February
2012-02-19 08:00:00,-5.8,7,73,February
2012-02-19 09:00:00,-5.2,9,71,February
2012-02-19 10:00:00,-4.7,15,68,February
2012-02-19 11:00:00,-4.0,17,68,February
2012-02-19 12:00:00,-3.2,17,64,February
2012-02-19 13:00:00,-2.7,19,64,February
2012-02-19 14:00:00,-2.3,15,58,February
2012-02-19 15:00:00,-1.6,17,56,February
2012-02-19 16:00:00,-1.6,20,54,February
2012-02-19 17:00:00,-2.1,15,56,February
2012-02-19 18:00:00,-2.9,13,59,February
2012-02-19 19:00:00,-3.2,15,59,February
2012-02-19 20:00:00,-3.8,13,62,February
2012-02-19 21:00:00,-4.8,11,67,February
2012-02-19 22:00:00,-5.4,9,69,February
2012-02-19 23:00:00,-6.3,7,65,February
2012-02-20 00:00:00,-6.7,4,64,February
2012-02-20 01:00:00,-7.6,0,67,February
2012-02-20 02:00:00,-8.8,4,76,February
2012-02-20 03:00:00,-8.8,7,73,February
2012-02-20 04:00:00,-9.8,6,77,February
2012-02-20 05:00:00,-10.2,6,75,February
2012-02-20 06:00:00,-10.7,4,75,February
2012-02-20 07:00:00,-11.0,4,76,February
2012-02-20 08:00:00,-9.9,4,70,February
2012-02-20 09:00:00,-8.7,6,65,February
2012-02-20 10:00:00,-8.0,9,64,February
2012-02-20 11:00:00,-7.1,9,61,February
2012-02-20 12:00:00,-6.0,11,62,February
2012-02-20 13:00:00,-4.7,20,58,February
2012-02-20 14:00:00,-3.1,17,57,February
2012-02-20 15:00:00,-2.0,19,56,February
2012-02-20 16:00:00,-1.8,20,60,February
2012-02-20 17:00:00,-1.9,17,59,February
2012-02-20 18:00:00,-3.2,9,65,February
2012-02-20 19:00:00,-3.6,7,68,February
2012-02-20 20:00:00,-4.0,6,68,February
2012-02-20 21:00:00,-3.5,6,66,February
2012-02-20 22:00:00,-3.3,0,66,February
2012-02-20 23:00:00,-5.8,4,76,February
2012-02-21 00:00:00,-4.0,9,73,February
2012-02-21 01:00:00,-4.3,6,73,February
2012-02-21 02:00:00,-4.1,7,74,February
2012-02-21 03:00:00,-5.3,4,76,February
2012-02-21 04:00:00,-5.2,4,79,February
2012-02-21 05:00:00,-6.1,7,82,February
2012-02-21 06:00:00,-6.1,6,81,February
2012-02-21 07:00:00,-6.2,7,80,February
2012-02-21 08:00:00,-5.0,7,78,February
2012-02-21 09:00:00,-3.1,9,73,February
2012-02-21 10:00:00,-1.4,11,66,February
2012-02-21 11:00:00,-0.1,15,63,February
2012-02-21 12:00:00,0.0,19,60,February
2012-02-21 13:00:00,1.0,24,59,February
2012-02-21 14:00:00,1.9,22,55,February
2012-02-21 15:00:00,2.2,19,55,February
2012-02-21 16:00:00,2.0,17,56,February
2012-02-21 17:00:00,2.2,9,53,February
2012-02-21 18:00:00,1.9,9,55,February
2012-02-21 19:00:00,2.1,0,53,February
2012-02-21 20:00:00,-0.2,4,71,February
2012-02-21 21:00:00,-0.5,6,72,February
2012-02-21 22:00:00,-0.6,6,75,February
2012-02-21 23:00:00,0.5,0,70,February
2012-02-22 00:00:00,0.5,19,83,February
2012-02-22 01:00:00,0.8,15,80,February
2012-02-22 02:00:00,1.4,19,75,February
2012-02-22 03:00:00,1.3,20,82,February
2012-02-22 04:00:00,1.2,15,85,February
2012-02-22 05:00:00,1.4,15,87,February
2012-02-22 06:00:00,1.5,13,88,February
2012-02-22 07:00:00,1.6,15,90,February
2012-02-22 08:00:00,2.6,17,89,February
2012-02-22 09:00:00,2.9,26,85,February
2012-02-22 10:00:00,4.0,28,82,February
2012-02-22 11:00:00,4.6,26,74,February
2012-02-22 12:00:00,5.2,28,66,February
2012-02-22 13:00:00,5.8,22,61,February
2012-02-22 14:00:00,6.1,17,59,February
2012-02-22 15:00:00,5.4,28,62,February
2012-02-22 16:00:00,2.9,19,83,February
2012-02-22 17:00:00,2.6,19,84,February
2012-02-22 18:00:00,2.4,9,83,February
2012-02-22 19:00:00,1.9,6,86,February
2012-02-22 20:00:00,1.6,13,84,February
2012-02-22 21:00:00,2.3,15,79,February
2012-02-22 22:00:00,2.7,15,78,February
2012-02-22 23:00:00,2.6,13,77,February
2012-02-23 00:00:00,2.3,20,79,February
2012-02-23 01:00:00,1.7,11,82,February
2012-02-23 02:00:00,1.1,7,85,February
2012-02-23 03:00:00,0.6,6,89,February
2012-02-23 04:00:00,0.5,4,90,February
2012-02-23 05:00:00,0.4,4,90,February
2012-02-23 06:00:00,0.5,9,89,February
2012-02-23 07:00:00,0.6,7,89,February
2012-02-23 08:00:00,0.4,7,86,February
2012-02-23 09:00:00,1.1,17,81,February
2012-02-23 10:00:00,1.6,19,78,February
2012-02-23 11:00:00,2.3,22,74,February
2012-02-23 12:00:00,2.1,20,73,February
2012-02-23 13:00:00,2.1,20,74,February
2012-02-23 14:00:00,1.4,13,81,February
2012-02-23 15:00:00,1.9,22,76,February
2012-02-23 16:00:00,2.7,22,70,February
2012-02-23 17:00:00,2.3,24,64,February
2012-02-23 18:00:00,1.6,15,67,February
2012-02-23 19:00:00,1.6,19,62,February
2012-02-23 20:00:00,1.1,15,64,February
2012-02-23 21:00:00,0.5,13,66,February
2012-02-23 22:00:00,-0.2,9,68,February
2012-02-23 23:00:00,-1.0,7,73,February
2012-02-24 00:00:00,-0.9,6,73,February
2012-02-24 01:00:00,-1.7,4,78,February
2012-02-24 02:00:00,-1.8,0,76,February
2012-02-24 03:00:00,-3.8,0,84,February
2012-02-24 04:00:00,-2.8,0,85,February
2012-02-24 05:00:00,-3.1,0,86,February
2012-02-24 06:00:00,-3.0,6,85,February
2012-02-24 07:00:00,-1.3,11,83,February
2012-02-24 08:00:00,-0.7,9,81,February
2012-02-24 09:00:00,0.3,7,77,February
2012-02-24 10:00:00,0.7,9,76,February
2012-02-24 11:00:00,0.9,15,74,February
2012-02-24 12:00:00,1.1,20,72,February
2012-02-24 13:00:00,1.0,20,72,February
2012-02-24 14:00:00,1.1,20,72,February
2012-02-24 15:00:00,1.0,19,77,February
2012-02-24 16:00:00,-0.1,22,90,February
2012-02-24 17:00:00,-0.1,26,90,February
2012-02-24 18:00:00,0.0,24,90,February
2012-02-24 19:00:00,0.0,22,91,February
2012-02-24 20:00:00,0.0,15,92,February
2012-02-24 21:00:00,0.3,17,90,February
2012-02-24 22:00:00,0.6,19,90,February
2012-02-24 23:00:00,0.8,17,91,February
2012-02-25 00:00:00,1.0,11,89,February
2012-02-25 01:00:00,0.8,15,90,February
2012-02-25 02:00:00,0.4,11,91,February
2012-02-25 03:00:00,0.7,19,90,February
2012-02-25 04:00:00,0.4,19,90,February
2012-02-25 05:00:00,0.6,22,88,February
2012-02-25 06:00:00,0.0,33,89,February
2012-02-25 07:00:00,-1.4,33,89,February
2012-02-25 08:00:00,-1.8,32,90,February
2012-02-25 09:00:00,-1.4,33,89,February
2012-02-25 10:00:00,-1.7,32,89,February
2012-02-25 11:00:00,-2.1,33,90,February
2012-02-25 12:00:00,-2.5,33,88,February
2012-02-25 13:00:00,-2.7,32,84,February
2012-02-25 14:00:00,-3.2,35,79,February
2012-02-25 15:00:00,-3.3,33,73,February
2012-02-25 16:00:00,-3.6,24,75,February
2012-02-25 17:00:00,-3.2,24,67,February
2012-02-25 18:00:00,-3.6,30,66,February
2012-02-25 19:00:00,-4.7,35,64,February
2012-02-25 20:00:00,-5.3,26,63,February
2012-02-25 21:00:00,-5.6,32,65,February
2012-02-25 22:00:00,-6.6,28,61,February
2012-02-25 23:00:00,-7.6,26,61,February
2012-02-26 00:00:00,-8.3,19,62,February
2012-02-26 01:00:00,-9.0,20,64,February
2012-02-26 02:00:00,-9.2,22,65,February
2012-02-26 03:00:00,-9.9,28,66,February
2012-02-26 04:00:00,-10.8,30,69,February
2012-02-26 05:00:00,-11.6,20,70,February
2012-02-26 06:00:00,-11.3,22,64,February
2012-02-26 07:00:00,-12.1,22,62,February
2012-02-26 08:00:00,-12.1,26,61,February
2012-02-26 09:00:00,-11.6,32,56,February
2012-02-26 10:00:00,-11.2,22,47,February
2012-02-26 11:00:00,-10.1,26,44,February
2012-02-26 12:00:00,-9.3,28,47,February
2012-02-26 13:00:00,-8.3,26,48,February
2012-02-26 14:00:00,-7.6,28,46,February
2012-02-26 15:00:00,-7.1,26,48,February
2012-02-26 16:00:00,-6.8,24,46,February
2012-02-26 17:00:00,-7.6,24,46,February
2012-02-26 18:00:00,-7.9,19,49,February
2012-02-26 19:00:00,-7.8,13,48,February
2012-02-26 20:00:00,-7.9,11,50,February
2012-02-26 21:00:00,-8.5,9,52,February
2012-02-26 22:00:00,-8.6,0,53,February
2012-02-26 23:00:00,-9.5,0,58,February
2012-02-27 00:00:00,-8.2,7,52,February
2012-02-27 01:00:00,-8.6,4,57,February
2012-02-27 02:00:00,-8.5,13,63,February
2012-02-27 03:00:00,-8.3,9,65,February
2012-02-27 04:00:00,-8.2,9,61,February
2012-02-27 05:00:00,-8.4,13,58,February
2012-02-27 06:00:00,-9.0,17,61,February
2012-02-27 07:00:00,-9.4,20,66,February
2012-02-27 08:00:00,-9.8,19,67,February
2012-02-27 09:00:00,-9.4,22,64,February
2012-02-27 10:00:00,-8.7,22,62,February
2012-02-27 11:00:00,-8.7,28,64,February
2012-02-27 12:00:00,-6.3,15,60,February
2012-02-27 13:00:00,-4.9,19,59,February
2012-02-27 14:00:00,-5.5,22,63,February
2012-02-27 15:00:00,-5.1,20,72,February
2012-02-27 16:00:00,-4.9,19,79,February
2012-02-27 17:00:00,-5.2,20,81,February
2012-02-27 18:00:00,-6.3,24,82,February
2012-02-27 19:00:00,-7.1,22,82,February
2012-02-27 20:00:00,-7.2,9,83,February
2012-02-27 21:00:00,-7.3,4,83,February
2012-02-27 22:00:00,-7.1,0,82,February
2012-02-27 23:00:00,-6.8,4,84,February
2012-02-28 00:00:00,-6.7,0,84,February
2012-02-28 01:00:00,-6.5,0,84,February
2012-02-28 02:00:00,-6.6,0,84,February
2012-02-28 03:00:00,-5.9,9,83,February
2012-02-28 04:00:00,-5.5,15,81,February
2012-02-28 05:00:00,-5.4,20,72,February
2012-02-28 06:00:00,-6.9,22,77,February
2012-02-28 07:00:00,-8.1,19,66,February
2012-02-28 08:00:00,-8.4,19,66,February
2012-02-28 09:00:00,-8.3,20,64,February
2012-02-28 10:00:00,-7.5,13,62,February
2012-02-28 11:00:00,-6.5,9,59,February
2012-02-28 12:00:00,-5.8,11,55,February
2012-02-28 13:00:00,-5.5,17,59,February
2012-02-28 14:00:00,-4.8,15,57,February
2012-02-28 15:00:00,-4.2,19,55,February
2012-02-28 16:00:00,-4.3,17,53,February
2012-02-28 17:00:00,-4.4,15,53,February
2012-02-28 18:00:00,-5.3,17,57,February
2012-02-28 19:00:00,-5.9,7,58,February
2012-02-28 20:00:00,-6.8,11,59,February
2012-02-28 21:00:00,-8.7,11,62,February
2012-02-28 22:00:00,-8.3,0,63,February
2012-02-28 23:00:00,-10.0,9,65,February
2012-02-29 00:00:00,-8.2,9,64,February
2012-02-29 01:00:00,-9.5,4,65,February
2012-02-29 02:00:00,-9.7,4,71,February
2012-02-29 03:00:00,-11.5,0,77,February
2012-02-29 04:00:00,-10.3,7,73,February
2012-02-29 05:00:00,-13.1,0,79,February
2012-02-29 06:00:00,-12.2,0,78,February
2012-02-29 07:00:00,-11.7,9,79,February
2012-02-29 08:00:00,-10.6,11,78,February
2012-02-29 09:00:00,-8.5,11,74,February
2012-02-29 10:00:00,-6.6,17,68,February
2012-02-29 11:00:00,-4.7,15,54,February
2012-02-29 12:00:00,-3.9,17,52,February
2012-02-29 13:00:00,-2.9,11,54,February
2012-02-29 14:00:00,-2.9,13,51,February
2012-02-29 15:00:00,-3.1,20,52,February
2012-02-29 16:00:00,-3.6,26,56,February
2012-02-29 17:00:00,-4.1,28,54,February
2012-02-29 18:00:00,-4.7,28,53,February
2012-02-29 19:00:00,-4.6,30,51,February
2012-02-29 20:00:00,-4.5,30,51,February
2012-02-29 21:00:00,-4.6,26,53,February
2012-02-29 22:00:00,-4.5,30,54,February
2012-02-29 23:00:00,-5.1,30,62,February
2012-03-01 00:00:00,-5.5,24,72,March
2012-03-01 01:00:00,-5.7,26,79,March
2012-03-01 02:00:00,-5.4,28,80,March
2012-03-01 03:00:00,-4.7,28,79,March
2012-03-01 04:00:00,-5.4,35,83,March
2012-03-01 05:00:00,-5.3,33,82,March
2012-03-01 06:00:00,-5.2,33,82,March
2012-03-01 07:00:00,-4.9,30,83,March
2012-03-01 08:00:00,-5.0,32,83,March
2012-03-01 09:00:00,-4.9,32,82,March
2012-03-01 10:00:00,-4.7,32,82,March
2012-03-01 11:00:00,-4.4,28,83,March
2012-03-01 12:00:00,-4.3,30,83,March
2012-03-01 13:00:00,-4.3,28,82,March
2012-03-01 14:00:00,-3.9,28,81,March
2012-03-01 15:00:00,-3.3,24,80,March
2012-03-01 16:00:00,-2.7,19,80,March
2012-03-01 17:00:00,-2.9,20,80,March
2012-03-01 18:00:00,-3.0,19,80,March
2012-03-01 19:00:00,-3.6,17,81,March
2012-03-01 20:00:00,-3.7,20,81,March
2012-03-01 21:00:00,-3.9,22,81,March
2012-03-01 22:00:00,-4.3,22,82,March
2012-03-01 23:00:00,-4.3,22,81,March
2012-03-02 00:00:00,-4.8,22,83,March
2012-03-02 01:00:00,-5.3,20,82,March
2012-03-02 02:00:00,-5.2,19,82,March
2012-03-02 03:00:00,-5.5,19,83,March
2012-03-02 04:00:00,-5.6,24,82,March
2012-03-02 05:00:00,-5.5,19,81,March
2012-03-02 06:00:00,-5.6,19,79,March
2012-03-02 07:00:00,-5.7,22,79,March
2012-03-02 08:00:00,-5.7,17,79,March
2012-03-02 09:00:00,-6.1,13,84,March
2012-03-02 10:00:00,-5.9,15,83,March
2012-03-02 11:00:00,-5.5,15,86,March
2012-03-02 12:00:00,-5.2,13,86,March
2012-03-02 13:00:00,-4.6,13,87,March
2012-03-02 14:00:00,-4.1,15,86,March
2012-03-02 15:00:00,-3.3,15,83,March
2012-03-02 16:00:00,-2.9,15,83,March
2012-03-02 17:00:00,-2.7,15,84,March
2012-03-02 18:00:00,-2.4,20,84,March
2012-03-02 19:00:00,-1.8,17,84,March
2012-03-02 20:00:00,-2.3,15,84,March
2012-03-02 21:00:00,-1.4,15,82,March
2012-03-02 22:00:00,0.2,13,72,March
2012-03-02 23:00:00,0.5,17,74,March
2012-03-03 00:00:00,1.0,22,73,March
2012-03-03 01:00:00,1.2,19,75,March
2012-03-03 02:00:00,-0.6,19,84,March
2012-03-03 03:00:00,-0.3,22,86,March
2012-03-03 04:00:00,0.3,24,86,March
2012-03-03 05:00:00,0.8,41,85,March
2012-03-03 06:00:00,1.5,43,80,March
2012-03-03 07:00:00,2.0,41,77,March
2012-03-03 08:00:00,2.7,32,74,March
2012-03-03 09:00:00,3.0,37,75,March
2012-03-03 10:00:00,3.7,15,79,March
2012-03-03 11:00:00,4.0,32,71,March
2012-03-03 12:00:00,5.2,37,55,March
2012-03-03 13:00:00,5.8,50,49,March
2012-03-03 14:00:00,6.5,48,42,March
2012-03-03 15:00:00,5.3,57,45,March
2012-03-03 16:00:00,5.0,63,48,March
2012-03-03 17:00:00,4.3,57,51,March
2012-03-03 18:00:00,3.7,48,56,March
2012-03-03 19:00:00,3.4,44,58,March
2012-03-03 20:00:00,3.2,50,60,March
2012-03-03 21:00:00,2.9,46,62,March
2012-03-03 22:00:00,2.8,57,64,March
2012-03-03 23:00:00,2.3,33,67,March
2012-03-04 00:00:00,0.5,32,68,March
2012-03-04 01:00:00,-0.8,24,68,March
2012-03-04 02:00:00,-1.8,26,64,March
2012-03-04 03:00:00,-2.1,19,63,March
2012-03-04 04:00:00,-2.9,20,63,March
2012-03-04 05:00:00,-4.3,19,62,March
2012-03-04 06:00:00,-4.8,17,59,March
2012-03-04 07:00:00,-5.7,22,58,March
2012-03-04 08:00:00,-5.9,13,54,March
2012-03-04 09:00:00,-6.3,15,57,March
2012-03-04 10:00:00,-6.3,17,57,March
2012-03-04 11:00:00,-6.5,17,55,March
2012-03-04 12:00:00,-5.8,19,57,March
2012-03-04 13:00:00,-5.5,19,56,March
2012-03-04 14:00:00,-5.7,19,55,March
2012-03-04 15:00:00,-5.6,22,54,March
2012-03-04 16:00:00,-5.5,20,54,March
2012-03-04 17:00:00,-6.9,22,54,March
2012-03-04 18:00:00,-7.9,28,53,March
2012-03-04 19:00:00,-7.9,22,54,March
2012-03-04 20:00:00,-8.5,24,61,March
2012-03-04 21:00:00,-9.0,15,69,March
2012-03-04 22:00:00,-10.1,17,65,March
2012-03-04 23:00:00,-11.1,24,65,March
2012-03-05 00:00:00,-12.4,19,66,March
2012-03-05 01:00:00,-13.6,24,66,March
2012-03-05 02:00:00,-14.5,24,52,March
2012-03-05 03:00:00,-15.0,22,58,March
2012-03-05 04:00:00,-15.5,26,58,March
2012-03-05 05:00:00,-15.9,20,59,March
2012-03-05 06:00:00,-16.2,26,58,March
2012-03-05 07:00:00,-16.2,22,59,March
2012-03-05 08:00:00,-15.7,24,56,March
2012-03-05 09:00:00,-15.1,24,55,March
2012-03-05 10:00:00,-14.4,26,55,March
2012-03-05 11:00:00,-13.4,26,54,March
2012-03-05 12:00:00,-12.2,6,53,March
2012-03-05 13:00:00,-11.3,24,51,March
2012-03-05 14:00:00,-10.8,28,47,March
2012-03-05 15:00:00,-10.0,30,49,March
2012-03-05 16:00:00,-9.9,26,48,March
2012-03-05 17:00:00,-9.5,24,47,March
2012-03-05 18:00:00,-9.8,22,47,March
2012-03-05 19:00:00,-10.1,20,48,March
2012-03-05 20:00:00,-10.5,17,49,March
2012-03-05 21:00:00,-11.0,17,49,March
2012-03-05 22:00:00,-11.6,15,49,March
2012-03-05 23:00:00,-12.6,11,53,March
2012-03-06 00:00:00,-13.4,11,55,March
2012-03-06 01:00:00,-13.4,11,56,March
2012-03-06 02:00:00,-13.7,4,55,March
2012-03-06 03:00:00,-14.8,9,59,March
2012-03-06 04:00:00,-14.5,9,57,March
2012-03-06 05:00:00,-14.6,13,58,March
2012-03-06 06:00:00,-15.3,11,60,March
2012-03-06 07:00:00,-14.8,11,61,March
2012-03-06 08:00:00,-13.0,0,59,March
2012-03-06 09:00:00,-11.3,6,52,March
2012-03-06 10:00:00,-10.0,9,57,March
2012-03-06 11:00:00,-9.0,15,49,March
2012-03-06 12:00:00,-7.8,13,55,March
2012-03-06 13:00:00,-6.7,9,48,March
2012-03-06 14:00:00,-5.8,9,45,March
2012-03-06 15:00:00,-5.3,6,44,March
2012-03-06 16:00:00,-4.9,11,41,March
2012-03-06 17:00:00,-4.8,6,44,March
2012-03-06 18:00:00,-6.3,6,52,March
2012-03-06 19:00:00,-5.4,11,53,March
2012-03-06 20:00:00,-5.3,9,52,March
2012-03-06 21:00:00,-5.4,9,49,March
2012-03-06 22:00:00,-5.0,9,45,March
2012-03-06 23:00:00,-4.5,6,41,March
2012-03-07 00:00:00,-3.6,6,47,March
2012-03-07 01:00:00,-3.9,9,56,March
2012-03-07 02:00:00,-5.7,17,62,March
2012-03-07 03:00:00,-5.3,13,61,March
2012-03-07 04:00:00,-5.2,15,63,March
2012-03-07 05:00:00,-5.3,17,63,March
2012-03-07 06:00:00,-4.3,15,63,March
2012-03-07 07:00:00,-3.9,11,67,March
2012-03-07 08:00:00,-4.6,11,69,March
2012-03-07 09:00:00,-2.5,11,67,March
2012-03-07 10:00:00,-0.1,6,62,March
2012-03-07 11:00:00,3.0,6,57,March
2012-03-07 12:00:00,6.4,4,49,March
2012-03-07 13:00:00,8.9,13,39,March
2012-03-07 14:00:00,9.3,13,39,March
2012-03-07 15:00:00,9.7,13,42,March
2012-03-07 16:00:00,11.4,15,38,March
2012-03-07 17:00:00,9.9,9,44,March
2012-03-07 18:00:00,5.5,7,60,March
2012-03-07 19:00:00,6.0,11,57,March
2012-03-07 20:00:00,7.6,20,50,March
2012-03-07 21:00:00,6.8,22,53,March
2012-03-07 22:00:00,6.0,17,58,March
2012-03-07 23:00:00,4.8,15,63,March
2012-03-08 00:00:00,6.2,20,58,March
2012-03-08 01:00:00,5.5,11,61,March
2012-03-08 02:00:00,7.9,17,53,March
2012-03-08 03:00:00,10.1,24,46,March
2012-03-08 04:00:00,10.0,28,47,March
2012-03-08 05:00:00,5.7,19,63,March
2012-03-08 06:00:00,7.6,19,57,March
2012-03-08 07:00:00,10.3,26,52,March
2012-03-08 08:00:00,6.7,19,63,March
2012-03-08 09:00:00,10.2,26,55,March
2012-03-08 10:00:00,12.1,30,53,March
2012-03-08 11:00:00,12.7,26,55,March
2012-03-08 12:00:00,11.7,20,59,March
2012-03-08 13:00:00,11.5,20,65,March
2012-03-08 14:00:00,11.7,26,68,March
2012-03-08 15:00:00,11.7,37,71,March
2012-03-08 16:00:00,11.6,32,70,March
2012-03-08 17:00:00,11.3,37,74,March
2012-03-08 18:00:00,10.5,46,83,March
2012-03-08 19:00:00,6.1,30,82,March
2012-03-08 20:00:00,5.0,41,79,March
2012-03-08 21:00:00,3.7,41,82,March
2012-03-08 22:00:00,2.0,46,83,March
2012-03-08 23:00:00,0.8,35,85,March
2012-03-09 00:00:00,-0.1,28,87,March
2012-03-09 01:00:00,0.0,22,76,March
2012-03-09 02:00:00,-1.2,20,67,March
2012-03-09 03:00:00,-2.6,24,64,March
2012-03-09 04:00:00,-3.9,11,69,March
2012-03-09 05:00:00,-3.9,20,67,March
2012-03-09 06:00:00,-4.3,15,70,March
2012-03-09 07:00:00,-5.0,15,70,March
2012-03-09 08:00:00,-4.7,15,65,Mar
